date,time_of_day,crime_type,location,latitude,longitude,victim_gender,victim_age,perpetrator_gender,perpetrator_age,weapon,injury,weather,temperature,previous_activity
09.01.2010,12:07:27,Assault,Jayanagar,12.5541,77.0506,Other,31,Male,52,Blunt Object,Minor,Overcast,0,Forgery
10.01.2010,11:12:28,Forgery,Indiranagar,12.9307,77.3414,Other,33,Male,37,Blunt Object,Fatal,Rain,38,Drug Offense
01.02.2010,19:43:24,Embezzlement,Indiranagar,12.3071,77.7255,Female,57,Female,45,Knife,Minor,Partly Cloudy,26,Embezzlement
23.02.2010,20:44:42,Robbery,Bellandur,13.7654,77.6853,Female,51,Female,25,Blunt Object,Minor,Clear,21,Forgery
06.03.2010,23:30:50,Embezzlement,Koramangala,13.0325,77.0433,Male,69,Male,19,None,None,Snow,5,Assault
06.03.2010,08:47:22,Theft,Koramangala,12.7781,77.3658,Other,50,Male,35,Knife,Minor,Overcast,12,None
03.04.2010,03:16:49,Robbery,Yelahanka,13.4943,77.3654,Male,61,Male,44,None,Fatal,Snow,30,Embezzlement
25.04.2010,05:59:31,Fraud,Bellandur,12.0807,77.0131,Male,49,Other,56,Blunt Object,Fatal,Overcast,16,Forgery
06.05.2010,10:40:33,Forgery,Whitefield,13.3705,77.1961,Female,30,Male,44,Gun,None,Overcast,33,Fraud
26.05.2010,17:11:10,Theft,Bellandur,12.4693,77.6997,Female,53,Female,47,Gun,Fatal,Clear,15,None
27.05.2010,03:43:44,Fraud,Bellandur,12.1586,77.3496,Other,60,Other,53,Gun,Fatal,Overcast,12,Embezzlement
25.06.2010,10:50:16,Theft,Jayanagar,13.7755,77.6478,Male,67,Male,32,None,Major,Clear,24,None
28.06.2010,11:03:19,Theft,Whitefield,13.4045,77.5833,Other,32,Male,23,Knife,Major,Snow,2,Assault
20.07.2010,04:22:15,Burglary,Bellandur,13.5555,77.0111,Male,22,Male,65,Gun,Fatal,Snow,33,None
19.09.2010,03:57:20,Drug Offense,JP Nagar,13.259,77.3378,Other,44,Female,48,None,Fatal,Clear,9,Burglary
06.10.2010,09:47:28,Robbery,Electronic City,13.724,77.371,Male,58,Male,65,Knife,Minor,Clear,37,Robbery
18.10.2010,05:59:17,Embezzlement,Bellandur,12.3588,77.0196,Female,65,Male,62,Gun,Minor,Rain,32,Assault
02.12.2010,13:35:21,Embezzlement,Kamakshipalya,12.9149,77.5108,Female,53,Female,43,Gun,Minor,Partly Cloudy,30,Fraud
03.12.2010,01:31:50,Robbery,Whitefield,12.5302,77.3611,Female,59,Male,34,Gun,Fatal,Partly Cloudy,21,Theft
21.12.2010,17:26:59,Vandalism,Electronic City,13.2643,77.2077,Female,20,Male,48,None,Minor,Partly Cloudy,32,Fraud
03.01.2011,03:56:09,Burglary,Yelahanka,13.7533,77.2401,Female,53,Male,49,Blunt Object,None,Overcast,19,Assault
12.01.2011,16:29:11,Robbery,Banashankari,12.411,77.275,Female,42,Female,59,Blunt Object,Minor,Rain,19,Forgery
09.02.2011,23:31:09,Burglary,Banashankari,12.4445,77.3787,Male,44,Female,51,Blunt Object,None,Partly Cloudy,20,Forgery
10.02.2011,10:58:34,Vandalism,Yelahanka,12.0295,77.4718,Male,53,Other,59,Gun,None,Partly Cloudy,29,None
24.02.2011,23:01:34,Robbery,Koramangala,12.291,77.113,Male,52,Other,66,Knife,Minor,Rain,36,Assault
04.03.2011,04:49:43,Burglary,Koramangala,13.8579,77.3462,Other,20,Other,64,None,None,Overcast,27,Fraud
14.03.2011,18:31:50,Forgery,JP Nagar,12.7007,77.4605,Male,43,Male,37,Gun,Fatal,Partly Cloudy,38,Robbery
20.04.2011,18:51:06,Burglary,Bellandur,12.4697,77.7107,Male,49,Other,37,None,Minor,Partly Cloudy,5,Drug Offense
21.04.2011,07:36:07,Embezzlement,Indiranagar,12.6956,77.8018,Male,26,Female,52,Knife,None,Rain,28,Embezzlement
23.05.2011,01:48:33,Drug Offense,Jayanagar,12.3175,77.2752,Other,18,Female,21,None,Major,Partly Cloudy,17,Forgery
27.05.2011,07:02:06,Drug Offense,Bellandur,13.926,77.7401,Male,21,Female,64,Gun,Minor,Rain,24,Forgery
14.06.2011,05:47:52,Drug Offense,Jayanagar,13.7059,77.9189,Female,64,Female,65,Knife,Minor,Rain,35,Burglary
19.07.2011,19:32:31,Fraud,Indiranagar,12.8168,77.6409,Male,31,Male,66,None,Minor,Clear,24,Theft
21.07.2011,00:40:17,Theft,Koramangala,12.9672,77.531,Other,53,Male,57,Gun,Minor,Overcast,19,Assault
06.08.2011,02:51:33,Drug Offense,Jayanagar,12.1566,77.6279,Female,32,Female,50,Blunt Object,None,Overcast,8,Theft
24.08.2011,18:23:29,Assault,JP Nagar,12.0312,77.5496,Male,55,Female,49,Blunt Object,None,Rain,14,None
19.10.2011,01:05:04,Embezzlement,Bellandur,13.4634,77.7711,Other,43,Female,29,Knife,Major,Partly Cloudy,23,Theft
18.11.2011,12:04:08,Drug Offense,Bellandur,12.236,77.7609,Other,29,Male,65,None,None,Overcast,7,Forgery
20.11.2011,17:54:48,Assault,Jayanagar,13.6831,77.0112,Other,42,Other,28,Knife,Minor,Rain,28,Embezzlement
19.12.2011,11:33:02,Burglary,Kamakshipalya,13.4512,77.4349,Female,56,Female,59,Gun,Major,Clear,15,Forgery
02.01.2012,03:01:06,Burglary,Banashankari,12.847,77.7406,Other,34,Female,39,None,Major,Overcast,36,Embezzlement
04.01.2012,14:52:20,Drug Offense,JP Nagar,12.8872,77.4376,Female,47,Other,38,Gun,Minor,Rain,25,Fraud
08.01.2012,02:43:30,Robbery,Kamakshipalya,12.9317,77.497,Other,32,Male,22,Knife,Minor,Partly Cloudy,20,Assault
10.02.2012,06:43:04,Forgery,Jayanagar,12.963,77.6061,Other,51,Female,40,Blunt Object,Major,Partly Cloudy,2,Assault
14.03.2012,06:42:34,Assault,Jayanagar,12.9616,77.6435,Male,27,Male,53,None,Fatal,Rain,38,Robbery
29.03.2012,20:31:48,Burglary,Electronic City,12.9879,77.5602,Female,28,Female,55,Gun,Minor,Snow,18,Burglary
30.04.2012,20:28:47,Fraud,JP Nagar,12.8302,77.7884,Other,49,Female,27,Gun,Fatal,Clear,40,Burglary
06.05.2012,12:08:58,Robbery,Whitefield,12.9636,77.5845,Female,35,Female,37,Knife,Major,Overcast,30,Assault
28.05.2012,19:14:49,Drug Offense,Electronic City,13.1867,77.4749,Female,35,Male,20,Gun,Major,Partly Cloudy,25,Assault
31.05.2012,14:16:34,Vandalism,Banashankari,13.0989,77.6586,Female,18,Male,63,Knife,Minor,Partly Cloudy,2,Burglary
14.06.2012,13:52:33,Robbery,Kamakshipalya,12.9214,77.7276,Female,51,Female,47,Blunt Object,Major,Partly Cloudy,4,Robbery
16.06.2012,10:40:40,Embezzlement,Kamakshipalya,13.1813,77.7879,Male,58,Male,51,Knife,Fatal,Snow,15,None
22.06.2012,09:03:28,Fraud,Koramangala,12.8218,77.7629,Female,60,Female,36,Gun,Major,Rain,23,Forgery
07.07.2012,12:29:18,Embezzlement,HSR Layout,13.1463,77.5409,Other,28,Female,28,Blunt Object,Major,Overcast,37,Embezzlement
15.07.2012,11:55:15,Vandalism,HSR Layout,12.9229,77.533,Other,55,Female,21,Knife,None,Rain,29,Fraud
17.08.2012,14:57:40,Embezzlement,Indiranagar,12.9185,77.7436,Other,36,Female,46,Gun,Major,Partly Cloudy,9,Robbery
21.08.2012,09:57:46,Burglary,Kamakshipalya,13.048,77.645,Female,21,Female,38,Gun,Major,Overcast,6,Robbery
24.08.2012,06:27:10,Assault,Yelahanka,13.1071,77.7169,Other,58,Female,28,None,Fatal,Partly Cloudy,39,Assault
30.08.2012,16:37:36,Drug Offense,Bellandur,13.0569,77.6341,Male,29,Female,52,None,Major,Clear,26,Burglary
01.09.2012,05:44:25,Drug Offense,Electronic City,13.1407,77.7683,Other,36,Other,47,None,None,Clear,4,Robbery
02.10.2012,23:10:06,Robbery,Whitefield,13.1394,77.68,Male,19,Male,57,None,None,Partly Cloudy,1,Vandalism
29.10.2012,15:19:53,Vandalism,Marathahalli,13.0089,77.6292,Male,48,Other,35,Gun,None,Snow,24,None
31.10.2012,15:49:53,Drug Offense,Yelahanka,12.9832,77.6672,Female,51,Male,37,Gun,Fatal,Overcast,38,Burglary
31.10.2012,08:35:04,Fraud,HSR Layout,12.9757,77.5611,Female,38,Male,35,Gun,Major,Rain,25,Burglary
09.11.2012,03:38:19,Forgery,Indiranagar,12.8166,77.6327,Other,36,Other,57,Blunt Object,None,Partly Cloudy,36,Drug Offense
16.11.2012,06:02:28,Burglary,Banashankari,12.9832,77.621,Female,53,Male,27,Knife,Major,Snow,21,Embezzlement
27.11.2012,11:58:39,Forgery,Koramangala,13.0898,77.44,Male,45,Other,27,None,Minor,Snow,29,Robbery
07.12.2012,08:02:45,Drug Offense,Electronic City,13.0741,77.5834,Male,37,Male,56,None,Minor,Overcast,29,Theft
29.12.2012,17:24:39,Embezzlement,JP Nagar,13.0399,77.6179,Female,60,Female,57,Knife,None,Overcast,19,Fraud
17.02.2013,18:30:36,Drug Offense,Koramangala,12.9113,77.7924,Female,19,Other,22,Gun,Major,Clear,17,Forgery
25.02.2013,08:18:35,Robbery,HSR Layout,12.9541,77.7747,Female,47,Female,27,Gun,Minor,Snow,22,None
27.02.2013,20:47:17,Fraud,Bellandur,13.0143,77.4896,Female,48,Other,65,Gun,Fatal,Rain,2,Assault
03.03.2013,05:02:14,Assault,Kamakshipalya,13.0741,77.7962,Other,61,Male,34,Blunt Object,Major,Snow,6,Drug Offense
18.03.2013,17:32:10,Theft,Indiranagar,12.893,77.6097,Female,31,Female,19,Knife,Minor,Clear,7,Robbery
03.05.2013,07:05:19,Vandalism,Yelahanka,13.1756,77.6609,Female,57,Other,52,Gun,Major,Clear,13,Forgery
31.05.2013,00:43:07,Robbery,Yelahanka,13.1904,77.5479,Other,42,Other,51,Knife,Fatal,Partly Cloudy,2,Drug Offense
03.06.2013,06:31:46,Assault,Jayanagar,13.0774,77.6776,Other,49,Other,50,Gun,None,Overcast,37,Embezzlement
13.06.2013,10:52:25,Forgery,JP Nagar,13.1222,77.4065,Male,45,Male,29,Blunt Object,Major,Clear,25,Drug Offense
13.06.2013,13:42:28,Forgery,Electronic City,12.8996,77.6725,Other,43,Male,44,Blunt Object,Minor,Partly Cloudy,39,Vandalism
22.06.2013,23:05:43,Theft,Banashankari,12.9363,77.4805,Male,21,Other,61,Blunt Object,Major,Partly Cloudy,17,Drug Offense
25.06.2013,14:01:46,Fraud,Koramangala,12.8431,77.4704,Other,54,Female,25,Knife,Fatal,Clear,10,None
28.06.2013,02:44:52,Burglary,Bellandur,13.0265,77.4502,Female,31,Male,48,Gun,Fatal,Clear,24,Theft
03.08.2013,08:10:08,Robbery,Jayanagar,13.0711,77.5924,Male,35,Male,18,Gun,Major,Clear,21,Forgery
09.08.2013,23:13:46,Embezzlement,Yelahanka,12.8308,77.7883,Female,41,Female,65,None,Major,Rain,37,Theft
16.09.2013,02:20:48,Fraud,Indiranagar,13.074,77.5865,Male,64,Male,56,Blunt Object,Major,Partly Cloudy,24,None
18.09.2013,15:36:48,Drug Offense,Whitefield,12.8933,77.6446,Other,50,Female,29,Knife,Minor,Overcast,27,Vandalism
23.09.2013,11:53:44,Assault,Indiranagar,12.94,77.6017,Male,49,Male,45,Blunt Object,Fatal,Snow,14,Drug Offense
05.10.2013,20:06:30,Drug Offense,Banashankari,12.9851,77.4231,Female,30,Male,21,Blunt Object,Fatal,Overcast,4,Robbery
14.10.2013,02:11:22,Assault,Marathahalli,13.0588,77.5564,Other,45,Female,34,None,Major,Clear,9,Vandalism
16.10.2013,08:15:04,Drug Offense,Jayanagar,13.1919,77.5713,Other,35,Male,60,Blunt Object,Minor,Clear,34,Assault
20.10.2013,11:32:46,Robbery,Kamakshipalya,13.0088,77.6205,Male,26,Female,53,Knife,Major,Partly Cloudy,23,Burglary
07.11.2013,07:48:10,Embezzlement,JP Nagar,12.9991,77.5728,Male,54,Female,60,None,Minor,Clear,26,Fraud
21.11.2013,23:53:06,Fraud,HSR Layout,13.1112,77.7466,Female,45,Other,45,Gun,None,Snow,24,Assault
23.11.2013,12:31:01,Forgery,HSR Layout,12.8704,77.7206,Male,62,Male,31,Gun,Minor,Rain,37,Embezzlement
07.12.2013,19:59:28,Robbery,Jayanagar,12.9053,77.6466,Female,19,Male,40,Knife,Fatal,Partly Cloudy,1,Robbery
09.12.2013,15:07:07,Fraud,Bellandur,13.0582,77.4945,Male,29,Male,60,Blunt Object,Minor,Overcast,22,Vandalism
08.01.2014,02:36:41,Forgery,Indiranagar,13.1228,77.557,Male,48,Female,31,None,Major,Overcast,3,Embezzlement
09.01.2014,12:07:37,Burglary,Koramangala,12.8765,77.4692,Female,23,Male,22,Knife,Minor,Clear,24,Burglary
18.01.2014,02:28:05,Theft,Bellandur,12.9694,77.7201,Female,52,Female,54,Blunt Object,Fatal,Partly Cloudy,18,Burglary
21.01.2014,06:41:23,Robbery,Yelahanka,13.1536,77.6185,Male,55,Female,45,None,Major,Rain,4,Vandalism
21.01.2014,06:41:23,Robbery,Yelahanka,13.1536,77.6185,Male,55,Female,45,None,Major,Rain,4,Vandalism
06.02.2014,01:14:49,Burglary,Banashankari,13.03,77.7078,Other,57,Male,42,Blunt Object,None,Clear,3,Forgery
07.02.2014,12:52:28,Burglary,Yelahanka,12.9583,77.4938,Female,39,Female,39,Blunt Object,Minor,Overcast,19,Assault
13.02.2014,18:52:04,Fraud,HSR Layout,12.8641,77.4651,Male,34,Male,37,Blunt Object,Fatal,Overcast,31,Fraud
14.02.2014,08:29:36,Burglary,Marathahalli,13.0599,77.4443,Other,26,Other,47,None,None,Partly Cloudy,3,Fraud
25.02.2014,15:58:01,Robbery,Bellandur,13.0741,77.7037,Female,55,Other,19,None,Fatal,Partly Cloudy,15,Fraud
05.03.2014,09:25:17,Burglary,JP Nagar,13.0961,77.4986,Female,35,Other,49,Knife,None,Clear,37,Drug Offense
05.03.2014,21:05:12,Embezzlement,HSR Layout,13.1184,77.5801,Male,61,Female,64,Knife,Fatal,Overcast,26,Drug Offense
08.03.2014,19:10:45,Vandalism,HSR Layout,12.8281,77.4505,Male,45,Male,43,Gun,Fatal,Clear,14,Theft
10.03.2014,12:34:40,Vandalism,Banashankari,13.103,77.4275,Male,53,Female,61,Gun,Minor,Clear,20,Robbery
14.03.2014,12:27:08,Assault,Banashankari,12.9903,77.4846,Female,34,Other,38,Gun,Fatal,Overcast,23,None
15.03.2014,17:15:07,Assault,Kamakshipalya,13.1291,77.5332,Male,62,Female,45,Blunt Object,Minor,Overcast,20,Burglary
16.03.2014,06:05:59,Vandalism,Yelahanka,12.9799,77.7251,Female,24,Other,28,None,Fatal,Partly Cloudy,12,Fraud
18.03.2014,06:12:38,Forgery,Kamakshipalya,13.161,77.4457,Female,59,Male,57,Gun,Fatal,Clear,8,Drug Offense
21.03.2014,02:31:16,Drug Offense,JP Nagar,12.8064,77.5777,Male,59,Male,38,None,None,Snow,40,Fraud
08.04.2014,04:34:19,Fraud,JP Nagar,13.1033,77.426,Female,28,Other,41,None,Minor,Snow,29,Burglary
22.04.2014,05:42:52,Forgery,HSR Layout,12.9006,77.4492,Other,22,Other,64,Knife,Major,Rain,36,Forgery
25.04.2014,02:02:48,Robbery,Jayanagar,12.9266,77.6102,Other,54,Female,43,Blunt Object,Major,Overcast,31,Drug Offense
14.05.2014,18:31:07,Assault,Indiranagar,13.1603,77.4424,Other,62,Male,48,Blunt Object,Major,Partly Cloudy,40,Embezzlement
15.05.2014,22:34:26,Forgery,Bellandur,13.0334,77.5225,Other,63,Other,59,Gun,Major,Rain,0,Forgery
15.05.2014,02:55:42,Drug Offense,Indiranagar,13.0039,77.4404,Female,60,Female,23,Knife,None,Overcast,23,Theft
16.05.2014,11:32:26,Robbery,Banashankari,12.938,77.6856,Female,53,Female,20,Gun,Minor,Rain,31,Assault
25.05.2014,03:52:59,Forgery,Jayanagar,12.8163,77.5333,Female,42,Female,23,Blunt Object,None,Snow,30,Fraud
30.05.2014,02:33:15,Fraud,HSR Layout,12.8718,77.4757,Male,46,Female,39,None,None,Overcast,32,None
02.06.2014,04:27:36,Embezzlement,Koramangala,13.0788,77.6458,Other,18,Male,20,Gun,Fatal,Partly Cloudy,5,Robbery
03.06.2014,03:15:59,Theft,Koramangala,12.8195,77.6903,Male,32,Other,62,Blunt Object,Minor,Snow,6,Drug Offense
03.06.2014,10:49:24,Theft,Koramangala,12.983,77.4811,Male,64,Other,65,Knife,None,Partly Cloudy,34,Fraud
04.06.2014,17:40:54,Theft,Kamakshipalya,12.9745,77.755,Other,61,Male,20,Knife,Minor,Rain,2,Robbery
12.06.2014,08:34:11,Forgery,JP Nagar,13.1646,77.5529,Female,60,Other,57,None,None,Overcast,27,Drug Offense
17.06.2014,02:14:50,Drug Offense,Marathahalli,12.9945,77.5886,Other,58,Other,48,None,Major,Snow,38,Robbery
20.06.2014,14:02:41,Fraud,Bellandur,13.007,77.5102,Female,36,Female,46,None,Fatal,Partly Cloudy,39,None
22.06.2014,09:47:07,Embezzlement,Banashankari,12.8076,77.7322,Male,44,Male,18,Gun,Fatal,Overcast,8,Theft
24.06.2014,21:14:04,Forgery,Banashankari,12.8804,77.6976,Female,25,Other,18,None,None,Partly Cloudy,2,None
03.07.2014,15:13:32,Forgery,Banashankari,13.1293,77.5375,Other,48,Female,56,None,Fatal,Snow,33,Embezzlement
03.07.2014,15:13:32,Forgery,Banashankari,13.1293,77.5375,Other,48,Female,56,None,Fatal,Snow,33,Embezzlement
10.07.2014,12:44:38,Forgery,Whitefield,12.9832,77.6525,Female,45,Other,26,Blunt Object,Minor,Overcast,16,Robbery
19.07.2014,00:51:29,Assault,Electronic City,12.8326,77.6902,Male,49,Other,47,Blunt Object,Major,Partly Cloudy,15,Drug Offense
25.07.2014,22:49:20,Burglary,JP Nagar,12.8923,77.5961,Female,46,Other,46,Gun,Minor,Snow,5,Assault
26.07.2014,15:53:21,Fraud,Banashankari,12.8369,77.4062,Male,19,Other,32,Gun,Major,Clear,2,None
29.07.2014,17:44:49,Theft,JP Nagar,12.8452,77.4733,Other,34,Female,33,Knife,None,Partly Cloudy,11,Burglary
29.07.2014,17:44:49,Theft,JP Nagar,12.8452,77.4733,Other,34,Female,33,Knife,None,Partly Cloudy,11,Burglary
09.08.2014,22:04:48,Fraud,Yelahanka,12.8401,77.5986,Other,24,Male,61,None,Minor,Overcast,5,Robbery
10.08.2014,09:54:55,Drug Offense,Whitefield,12.8476,77.6483,Other,18,Other,30,Knife,Major,Rain,35,Assault
29.08.2014,09:31:53,Burglary,Electronic City,12.9424,77.5023,Other,38,Male,50,Knife,None,Clear,0,Drug Offense
30.08.2014,11:32:55,Vandalism,Kamakshipalya,12.8065,77.501,Female,55,Other,57,None,None,Rain,37,Theft
01.09.2014,01:50:53,Vandalism,Bellandur,13.0472,77.568,Female,40,Female,50,None,Major,Clear,7,Vandalism
04.09.2014,11:16:05,Fraud,HSR Layout,13.1465,77.737,Male,52,Female,32,Knife,Fatal,Overcast,30,Drug Offense
08.09.2014,16:09:48,Assault,Bellandur,12.8832,77.4821,Male,25,Female,40,Knife,Major,Rain,21,Fraud
09.09.2014,10:35:41,Drug Offense,Jayanagar,13.0381,77.7566,Female,61,Other,61,Knife,Fatal,Rain,17,Burglary
14.09.2014,03:33:46,Drug Offense,Jayanagar,13.1422,77.5986,Male,38,Female,33,None,Major,Snow,25,Fraud
14.09.2014,02:47:52,Burglary,Bellandur,13.1039,77.5495,Other,61,Female,44,Knife,None,Rain,24,Theft
14.09.2014,12:59:45,Vandalism,Kamakshipalya,13.1859,77.6142,Female,57,Other,60,Blunt Object,Fatal,Partly Cloudy,1,Vandalism
16.09.2014,11:41:06,Robbery,Marathahalli,13.0151,77.5323,Other,47,Male,44,None,None,Rain,35,Burglary
03.10.2014,08:13:43,Fraud,Electronic City,12.9511,77.615,Other,36,Male,37,Gun,Major,Rain,29,Vandalism
04.10.2014,16:54:51,Forgery,Koramangala,12.8681,77.7619,Male,43,Female,58,None,Major,Clear,15,Forgery
14.10.2014,04:04:29,Fraud,Yelahanka,12.8744,77.6604,Male,43,Female,36,Blunt Object,Major,Snow,26,Drug Offense
17.10.2014,06:57:54,Theft,Yelahanka,12.9473,77.6179,Male,35,Other,29,Knife,None,Partly Cloudy,24,Embezzlement
21.10.2014,03:55:26,Burglary,Whitefield,13.1437,77.6316,Other,43,Female,34,Blunt Object,None,Rain,16,Fraud
25.10.2014,10:42:26,Robbery,Banashankari,13.1632,77.693,Female,26,Male,25,None,Minor,Overcast,25,Assault
26.10.2014,06:21:55,Fraud,Jayanagar,12.8065,77.5817,Other,29,Male,50,Blunt Object,Minor,Overcast,30,Drug Offense
01.11.2014,20:08:40,Assault,Kamakshipalya,12.9739,77.6366,Other,65,Female,60,None,Major,Clear,10,Drug Offense
03.11.2014,09:10:13,Robbery,Koramangala,13.0785,77.7524,Male,56,Other,34,Knife,Fatal,Snow,12,Embezzlement
03.11.2014,09:10:13,Robbery,Koramangala,13.0785,77.7524,Male,56,Other,34,Knife,Fatal,Snow,12,Embezzlement
05.11.2014,00:48:50,Burglary,Koramangala,12.9746,77.4412,Male,62,Other,33,Knife,Major,Partly Cloudy,35,Theft
05.11.2014,00:48:50,Burglary,Koramangala,12.9746,77.4412,Male,62,Other,33,Knife,Major,Partly Cloudy,35,Theft
06.11.2014,02:54:59,Forgery,Kamakshipalya,13.0967,77.68,Female,38,Other,28,Blunt Object,None,Partly Cloudy,17,Drug Offense
10.11.2014,18:23:57,Embezzlement,Jayanagar,13.0279,77.4019,Other,60,Female,23,Gun,Major,Clear,29,None
14.11.2014,02:43:29,Theft,Marathahalli,13.0043,77.687,Male,44,Male,51,Knife,None,Rain,23,Theft
17.11.2014,23:03:54,Robbery,JP Nagar,13.1367,77.4098,Female,47,Male,61,Blunt Object,Fatal,Rain,28,Vandalism
18.11.2014,19:40:37,Drug Offense,HSR Layout,12.8103,77.6181,Other,64,Male,20,Blunt Object,None,Rain,12,None
26.11.2014,05:03:43,Burglary,Indiranagar,12.8887,77.7896,Male,28,Female,19,None,None,Clear,34,Fraud
26.11.2014,09:04:58,Assault,Banashankari,13.0636,77.6571,Other,52,Other,30,None,None,Overcast,31,None
30.11.2014,20:09:38,Vandalism,JP Nagar,12.9765,77.6116,Female,56,Other,54,None,Major,Clear,9,Embezzlement
03.12.2014,21:01:01,Embezzlement,Whitefield,12.9592,77.7715,Female,30,Female,30,Gun,Fatal,Snow,0,Vandalism
03.12.2014,11:23:26,Drug Offense,JP Nagar,13.1211,77.4663,Female,40,Female,63,Knife,Major,Snow,4,Forgery
05.12.2014,01:08:24,Fraud,Kamakshipalya,13.1831,77.5286,Male,37,Other,32,Blunt Object,None,Overcast,4,Vandalism
06.12.2014,08:52:12,Theft,Electronic City,13.1848,77.7966,Male,26,Male,24,None,Minor,Overcast,28,Vandalism
18.12.2014,08:26:03,Burglary,Whitefield,12.939,77.4726,Other,18,Female,23,Blunt Object,None,Snow,15,None
02.01.2015,21:25:54,Vandalism,Indiranagar,13.0446,77.7807,Male,20,Other,19,Blunt Object,Major,Partly Cloudy,18,Burglary
04.01.2015,11:28:08,Drug Offense,Jayanagar,13.1841,77.6637,Male,23,Female,37,Gun,Major,Clear,33,Robbery
04.01.2015,10:43:05,Fraud,HSR Layout,12.9021,77.4594,Female,55,Other,25,Blunt Object,Fatal,Rain,38,Forgery
09.01.2015,09:33:24,Forgery,JP Nagar,13.0024,77.7754,Female,19,Other,54,Knife,Fatal,Clear,15,Burglary
15.01.2015,20:52:48,Vandalism,Whitefield,13.0293,77.7885,Male,38,Female,64,Gun,None,Rain,29,Theft
26.01.2015,12:28:39,Robbery,Yelahanka,12.807,77.4851,Male,45,Male,40,None,Major,Clear,6,Embezzlement
08.02.2015,14:10:08,Fraud,Electronic City,12.8686,77.7193,Male,40,Male,28,Blunt Object,Minor,Overcast,2,Embezzlement
14.02.2015,11:54:11,Fraud,Indiranagar,12.956,77.5674,Male,41,Male,62,Knife,Major,Partly Cloudy,40,Burglary
22.02.2015,23:52:51,Fraud,Yelahanka,13.1463,77.4136,Other,25,Male,31,Gun,Major,Snow,8,Fraud
24.02.2015,03:08:29,Robbery,Marathahalli,12.9026,77.473,Other,63,Other,54,Knife,Minor,Snow,2,Theft
26.03.2015,00:20:44,Fraud,JP Nagar,13.0815,77.6536,Male,55,Male,24,Blunt Object,None,Clear,1,Robbery
29.03.2015,20:05:39,Vandalism,Kamakshipalya,13.0567,77.4539,Female,39,Female,29,None,Fatal,Snow,17,None
08.04.2015,13:50:36,Robbery,JP Nagar,13.112,77.7307,Other,56,Female,57,Gun,Major,Overcast,9,Assault
24.04.2015,12:21:27,Vandalism,Jayanagar,13.1626,77.5712,Other,25,Other,54,None,None,Rain,38,Theft
14.06.2015,14:51:19,Theft,Marathahalli,12.8068,77.5564,Female,48,Male,33,None,Minor,Rain,5,None
15.07.2015,11:55:15,Vandalism,HSR Layout,12.9229,77.533,Other,55,Female,21,Knife,None,Rain,29,Fraud
10.08.2015,22:28:06,Assault,Yelahanka,12.8953,77.6995,Other,23,Male,58,Knife,Fatal,Overcast,9,Fraud
11.08.2015,00:44:15,Vandalism,Bellandur,13.0354,77.7877,Other,43,Female,26,Knife,Minor,Snow,12,None
20.08.2015,04:38:45,Theft,Banashankari,13.051,77.6253,Female,36,Male,37,Knife,None,Rain,20,Fraud
30.08.2015,16:37:36,Drug Offense,Bellandur,13.0569,77.6341,Male,29,Female,52,None,Major,Clear,26,Burglary
15.09.2015,20:11:45,Theft,Koramangala,13.1217,77.7857,Other,63,Female,32,Gun,None,Overcast,20,Burglary
02.10.2015,04:06:53,Theft,Electronic City,13.0402,77.5147,Male,55,Male,54,Blunt Object,None,Snow,21,None
27.10.2015,12:57:21,Theft,JP Nagar,12.9021,77.5464,Other,40,Other,52,Gun,None,Partly Cloudy,23,Forgery
09.11.2015,11:05:45,Robbery,Electronic City,12.9583,77.4235,Female,40,Male,51,Knife,Major,Overcast,30,Theft
12.11.2015,13:28:44,Theft,Indiranagar,12.863,77.5116,Other,28,Other,27,Blunt Object,Fatal,Partly Cloudy,25,Theft
23.11.2015,05:32:10,Drug Offense,Marathahalli,12.9904,77.7357,Other,41,Male,55,None,Minor,Rain,0,Fraud
01.12.2015,21:02:35,Assault,Koramangala,13.1935,77.4849,Male,28,Male,50,Gun,Fatal,Rain,10,Fraud
07.02.2016,09:58:49,Vandalism,JP Nagar,12.8532,77.7764,Female,19,Female,34,Gun,None,Overcast,2,Theft
02.03.2016,14:21:00,Forgery,Marathahalli,13.013,77.7727,Other,22,Other,32,Gun,Fatal,Snow,36,Robbery
03.03.2016,05:02:14,Assault,Kamakshipalya,13.0741,77.7962,Other,61,Male,34,Blunt Object,Major,Snow,6,Drug Offense
06.03.2016,18:51:44,Forgery,Koramangala,13.0675,77.74,Male,22,Other,50,Knife,Fatal,Snow,8,Fraud
20.03.2016,01:12:57,Fraud,Marathahalli,12.9133,77.4752,Other,19,Male,33,Knife,Major,Overcast,11,Robbery
21.03.2016,14:16:36,Robbery,Banashankari,13.1831,77.5733,Other,36,Male,57,Gun,Fatal,Snow,7,Vandalism
27.03.2016,02:27:51,Robbery,Jayanagar,13.0023,77.7285,Male,51,Female,44,Blunt Object,Major,Clear,28,Robbery
01.04.2016,04:19:31,Theft,Banashankari,13.1705,77.4949,Female,63,Other,45,Knife,Major,Snow,2,None
16.04.2016,20:31:44,Fraud,Jayanagar,13.1362,77.6022,Other,27,Other,37,None,None,Clear,38,Vandalism
03.05.2016,07:05:19,Vandalism,Yelahanka,13.1756,77.6609,Female,57,Other,52,Gun,Major,Clear,13,Forgery
04.05.2016,18:06:26,Assault,Marathahalli,12.9487,77.5099,Female,61,Other,49,Gun,Fatal,Clear,30,Embezzlement
07.05.2016,10:20:24,Drug Offense,Electronic City,12.8819,77.7257,Female,47,Female,56,Gun,None,Overcast,22,Forgery
03.06.2016,06:31:46,Assault,Jayanagar,13.0774,77.6776,Other,49,Other,50,Gun,None,Overcast,37,Embezzlement
16.06.2016,20:55:44,Assault,Banashankari,12.9366,77.6728,Female,56,Female,30,Knife,None,Snow,35,Vandalism
25.06.2016,14:01:46,Fraud,Koramangala,12.8431,77.4704,Other,54,Female,25,Knife,Fatal,Clear,10,None
28.06.2016,02:44:52,Burglary,Bellandur,13.0265,77.4502,Female,31,Male,48,Gun,Fatal,Clear,24,Theft
03.08.2016,08:10:08,Robbery,Jayanagar,13.0711,77.5924,Male,35,Male,18,Gun,Major,Clear,21,Forgery
06.08.2016,03:16:18,Forgery,HSR Layout,12.994,77.4862,Female,27,Male,49,Knife,None,Partly Cloudy,1,None
30.08.2016,07:00:18,Vandalism,Indiranagar,12.9316,77.714,Other,63,Female,26,Blunt Object,None,Overcast,6,Forgery
08.09.2016,20:39:46,Forgery,Bellandur,12.9462,77.6399,Other,33,Other,19,None,Minor,Clear,37,Drug Offense
14.09.2016,14:31:36,Robbery,Electronic City,13.0017,77.7784,Female,40,Male,27,Blunt Object,Minor,Partly Cloudy,18,Burglary
16.09.2016,02:20:48,Fraud,Indiranagar,13.074,77.5865,Male,64,Male,56,Blunt Object,Major,Partly Cloudy,24,None
25.09.2016,11:12:45,Robbery,HSR Layout,12.8665,77.634,Female,41,Male,38,Blunt Object,Major,Overcast,7,Vandalism
27.09.2016,23:13:47,Burglary,Electronic City,13.1446,77.6303,Male,64,Male,39,Gun,Fatal,Clear,25,Assault
20.10.2016,11:32:46,Robbery,Kamakshipalya,13.0088,77.6205,Male,26,Female,53,Knife,Major,Partly Cloudy,23,Burglary
02.11.2016,02:40:44,Theft,Kamakshipalya,12.8433,77.7942,Male,33,Other,21,Blunt Object,Minor,Clear,14,Burglary
24.11.2016,17:31:32,Embezzlement,Bellandur,13.1956,77.5285,Male,27,Female,46,None,Major,Overcast,23,Robbery
25.01.2017,13:59:30,Vandalism,Electronic City,12.9954,77.4019,Female,55,Female,50,None,Minor,Partly Cloudy,27,Vandalism
21.02.2017,22:20:57,Robbery,JP Nagar,12.9778,77.6788,Other,35,Female,41,Gun,Fatal,Overcast,34,Fraud
20.03.2017,21:21:47,Theft,JP Nagar,12.9583,77.7733,Female,53,Other,44,Gun,Minor,Clear,17,Theft
23.03.2017,19:50:32,Fraud,Yelahanka,13.0149,77.5879,Female,21,Other,42,Gun,Major,Snow,26,Theft
27.03.2017,04:22:24,Burglary,Kamakshipalya,12.836,77.4045,Female,57,Female,30,None,Major,Snow,30,Forgery
02.04.2017,02:55:00,Drug Offense,Marathahalli,12.9598,77.7939,Male,41,Male,30,Knife,Major,Snow,18,Robbery
12.04.2017,20:03:23,Forgery,Bellandur,12.9499,77.5427,Male,43,Female,38,Knife,Major,Partly Cloudy,5,Theft
12.04.2017,05:04:54,Assault,Yelahanka,13.0285,77.7064,Male,43,Female,37,None,Minor,Rain,32,Drug Offense
13.04.2017,10:41:16,Forgery,Bellandur,12.8901,77.5474,Female,65,Female,54,None,Major,Partly Cloudy,35,Vandalism
22.04.2017,00:47:23,Theft,Kamakshipalya,13.1169,77.6196,Other,21,Male,32,None,Major,Partly Cloudy,38,Robbery
02.05.2017,15:46:21,Fraud,Yelahanka,12.8514,77.4986,Other,21,Male,25,None,Fatal,Clear,9,None
05.05.2017,05:56:06,Theft,HSR Layout,13.1209,77.6698,Other,22,Female,49,Knife,Major,Overcast,1,Forgery
08.05.2017,20:55:44,Forgery,Bellandur,12.9711,77.6794,Other,29,Male,21,Gun,Fatal,Rain,21,Forgery
15.05.2017,02:55:42,Drug Offense,Indiranagar,13.0039,77.4404,Female,60,Female,23,Knife,None,Overcast,23,Theft
20.05.2017,07:16:07,Theft,Koramangala,12.8211,77.7675,Male,25,Female,39,Blunt Object,Major,Snow,20,Burglary
25.05.2017,08:38:00,Burglary,Yelahanka,13.0893,77.7606,Male,50,Male,25,Knife,Fatal,Rain,38,Forgery
13.06.2017,16:16:51,Embezzlement,Indiranagar,13.069,77.4282,Other,65,Other,21,None,None,Snow,33,Assault
15.06.2017,14:07:15,Fraud,Kamakshipalya,12.8037,77.5516,Female,26,Other,22,Blunt Object,Major,Snow,18,Vandalism
10.07.2017,19:43:28,Assault,Whitefield,12.9981,77.6975,Female,55,Male,55,Knife,Major,Partly Cloudy,5,Drug Offense
16.08.2017,13:43:07,Burglary,Indiranagar,12.9962,77.6809,Female,39,Female,25,Gun,None,Overcast,3,Burglary
28.08.2017,13:07:05,Robbery,Banashankari,13.0925,77.7921,Female,63,Female,46,Blunt Object,Minor,Partly Cloudy,14,Burglary
27.09.2017,22:47:55,Robbery,Bellandur,13.1592,77.7385,Other,32,Female,23,Knife,None,Overcast,9,Fraud
07.10.2017,02:52:44,Embezzlement,Kamakshipalya,13.155,77.5801,Other,35,Female,56,Gun,Fatal,Overcast,0,Vandalism
24.10.2017,23:32:07,Embezzlement,Banashankari,12.9267,77.7038,Male,49,Other,31,None,Major,Clear,16,Burglary
26.10.2017,06:21:55,Fraud,Jayanagar,12.8065,77.5817,Other,29,Male,50,Blunt Object,Minor,Overcast,30,Drug Offense
02.11.2017,12:31:19,Theft,Marathahalli,13.0062,77.6789,Male,26,Other,22,None,Major,Rain,6,Robbery
03.11.2017,21:04:23,Drug Offense,Bellandur,12.8892,77.6551,Male,53,Male,25,Gun,Fatal,Snow,12,Burglary
09.11.2017,19:33:27,Assault,Kamakshipalya,12.8882,77.7853,Male,48,Male,64,Gun,Minor,Clear,22,Robbery
14.11.2017,10:51:33,Drug Offense,Indiranagar,12.8903,77.5896,Other,37,Male,33,None,Fatal,Clear,32,Embezzlement
19.11.2017,05:32:35,Fraud,Banashankari,13.102,77.449,Male,25,Other,22,Gun,Fatal,Snow,17,Burglary
23.11.2017,19:22:07,Drug Offense,Koramangala,13.001,77.7295,Other,31,Other,23,None,Minor,Snow,5,Burglary
06.12.2017,08:52:12,Theft,Electronic City,13.1848,77.7966,Male,26,Male,24,None,Minor,Overcast,28,Vandalism
26.12.2017,14:27:14,Assault,Banashankari,13.0806,77.7958,Female,59,Male,62,Blunt Object,Minor,Overcast,12,Drug Offense
08.01.2018,02:36:41,Forgery,Indiranagar,13.1228,77.557,Male,48,Female,31,None,Major,Overcast,3,Embezzlement
24.02.2018,21:00:41,Embezzlement,JP Nagar,13.0559,77.4998,Other,36,Female,47,Gun,Fatal,Overcast,1,Robbery
25.02.2018,15:58:01,Robbery,Bellandur,13.0741,77.7037,Female,55,Other,19,None,Fatal,Partly Cloudy,15,Fraud
28.03.2018,14:50:57,Embezzlement,Whitefield,13.0607,77.489,Male,28,Female,55,Blunt Object,Fatal,Snow,20,Fraud
29.04.2018,23:24:49,Theft,Whitefield,13.0418,77.746,Other,23,Other,33,Gun,Minor,Snow,31,Forgery
06.05.2018,21:03:00,Forgery,Koramangala,12.8643,77.6427,Other,35,Female,64,Blunt Object,Major,Rain,33,Fraud
13.05.2018,23:22:52,Theft,Marathahalli,12.8203,77.5751,Male,39,Other,49,Knife,Major,Clear,26,Assault
16.05.2018,11:32:26,Robbery,Banashankari,12.938,77.6856,Female,53,Female,20,Gun,Minor,Rain,31,Assault
21.05.2018,19:10:10,Embezzlement,Yelahanka,12.8246,77.4991,Female,30,Other,49,Blunt Object,Major,Rain,1,Forgery
07.06.2018,20:42:55,Robbery,Indiranagar,12.8291,77.5168,Female,36,Female,56,None,Fatal,Partly Cloudy,7,None
24.06.2018,21:14:04,Forgery,Banashankari,12.8804,77.6976,Female,25,Other,18,None,None,Partly Cloudy,2,None
11.07.2018,02:46:02,Embezzlement,Yelahanka,13.0246,77.6079,Male,36,Other,47,Knife,Minor,Partly Cloudy,36,None
26.07.2018,15:53:21,Fraud,Banashankari,12.8369,77.4062,Male,19,Other,32,Gun,Major,Clear,2,None
31.07.2018,21:06:10,Forgery,Jayanagar,13.1969,77.7857,Female,53,Other,26,Knife,Major,Rain,32,Theft
29.08.2018,09:31:53,Burglary,Electronic City,12.9424,77.5023,Other,38,Male,50,Knife,None,Clear,0,Drug Offense
01.09.2018,01:50:53,Vandalism,Bellandur,13.0472,77.568,Female,40,Female,50,None,Major,Clear,7,Vandalism
08.09.2018,16:09:48,Assault,Bellandur,12.8832,77.4821,Male,25,Female,40,Knife,Major,Rain,21,Fraud
16.09.2018,08:36:10,Forgery,Jayanagar,13.068,77.5754,Male,56,Male,18,None,Fatal,Partly Cloudy,10,None
16.09.2018,16:56:50,Burglary,Marathahalli,13.1744,77.5357,Male,44,Other,41,Gun,Major,Partly Cloudy,31,Embezzlement
30.09.2018,16:00:14,Vandalism,HSR Layout,12.9098,77.7818,Male,50,Other,45,None,Fatal,Clear,17,Burglary
08.10.2018,08:08:41,Embezzlement,Kamakshipalya,13.0539,77.4617,Female,44,Female,31,Knife,None,Snow,20,Burglary
15.10.2018,06:32:58,Fraud,Bellandur,13.0257,77.4859,Other,26,Male,31,Blunt Object,None,Partly Cloudy,28,Drug Offense
20.10.2018,13:35:31,Theft,Indiranagar,12.8725,77.668,Male,43,Other,62,None,Major,Partly Cloudy,38,Robbery
26.11.2018,09:04:58,Assault,Banashankari,13.0636,77.6571,Other,52,Other,30,None,None,Overcast,31,None
03.12.2018,11:23:26,Drug Offense,JP Nagar,13.1211,77.4663,Female,40,Female,63,Knife,Major,Snow,4,Forgery
02.01.2019,03:01:06,Burglary,Banashankari,12.847,77.7406,Other,34,Female,39,None,Major,Overcast,36,Embezzlement
02.01.2019,21:25:54,Vandalism,Indiranagar,13.0446,77.7807,Male,20,Other,19,Blunt Object,Major,Partly Cloudy,18,Burglary
04.01.2019,10:43:05,Fraud,HSR Layout,12.9021,77.4594,Female,55,Other,25,Blunt Object,Fatal,Rain,38,Forgery
11.01.2019,11:27:15,Robbery,Bellandur,12.8214,77.5579,Female,44,Female,25,Knife,None,Partly Cloudy,11,Theft
08.02.2019,14:10:08,Fraud,Electronic City,12.8686,77.7193,Male,40,Male,28,Blunt Object,Minor,Overcast,2,Embezzlement
10.02.2019,06:43:04,Forgery,Jayanagar,12.963,77.6061,Other,51,Female,40,Blunt Object,Major,Partly Cloudy,2,Assault
14.02.2019,06:33:36,Vandalism,Kamakshipalya,13.0,77.6377,Male,43,Female,43,Knife,Major,Partly Cloudy,28,Forgery
15.02.2019,19:10:50,Vandalism,Indiranagar,13.188,77.6274,Female,50,Female,25,Blunt Object,None,Snow,21,Theft
22.02.2019,23:52:51,Fraud,Yelahanka,13.1463,77.4136,Other,25,Male,31,Gun,Major,Snow,8,Fraud
07.03.2019,20:27:14,Assault,Electronic City,12.9814,77.6088,Male,35,Female,44,Blunt Object,Major,Overcast,0,Burglary
11.03.2019,06:54:51,Embezzlement,Yelahanka,12.9197,77.6002,Male,48,Female,52,Knife,Fatal,Clear,24,Embezzlement
19.03.2019,17:58:20,Theft,Yelahanka,13.0427,77.5806,Female,42,Female,31,None,None,Rain,26,Embezzlement
31.03.2019,15:30:10,Forgery,Jayanagar,12.9138,77.7685,Female,45,Male,64,Knife,Minor,Partly Cloudy,32,Fraud
12.04.2019,02:03:13,Theft,Electronic City,13.1585,77.6553,Female,65,Female,55,Blunt Object,None,Snow,14,Assault
13.04.2019,18:54:23,Vandalism,Marathahalli,13.0814,77.5721,Other,61,Female,39,Knife,Major,Overcast,0,Burglary
14.04.2019,02:35:47,Embezzlement,Kamakshipalya,13.0207,77.4096,Female,31,Male,44,Blunt Object,None,Overcast,9,Theft
29.04.2019,11:01:36,Forgery,Electronic City,12.8318,77.509,Male,18,Other,41,None,Fatal,Overcast,9,Fraud
30.04.2019,20:28:47,Fraud,JP Nagar,12.8302,77.7884,Other,49,Female,27,Gun,Fatal,Clear,40,Burglary
11.05.2019,06:28:02,Assault,Indiranagar,13.0582,77.6439,Other,43,Other,58,Knife,Major,Partly Cloudy,15,None
28.05.2019,19:14:49,Drug Offense,Electronic City,13.1867,77.4749,Female,35,Male,20,Gun,Major,Partly Cloudy,25,Assault
31.05.2019,16:39:03,Burglary,Koramangala,12.8308,77.6939,Other,27,Other,62,Knife,None,Overcast,22,Vandalism
08.06.2019,06:38:39,Drug Offense,Electronic City,13.1118,77.5129,Male,44,Other,36,Gun,Minor,Overcast,17,Fraud
10.06.2019,05:42:53,Theft,Kamakshipalya,12.9728,77.6899,Female,50,Male,31,Blunt Object,Minor,Clear,36,Forgery
14.06.2019,13:52:33,Robbery,Kamakshipalya,12.9214,77.7276,Female,51,Female,47,Blunt Object,Major,Partly Cloudy,4,Robbery
03.07.2019,01:27:32,Embezzlement,Electronic City,12.9252,77.7661,Female,40,Female,19,None,Minor,Clear,23,Theft
15.07.2019,11:55:15,Vandalism,HSR Layout,12.9229,77.533,Other,55,Female,21,Knife,None,Rain,29,Fraud
17.08.2019,14:57:40,Embezzlement,Indiranagar,12.9185,77.7436,Other,36,Female,46,Gun,Major,Partly Cloudy,9,Robbery
20.08.2019,13:26:09,Assault,Yelahanka,12.9926,77.5775,Other,46,Male,53,Blunt Object,Major,Rain,22,Fraud
01.09.2019,21:24:53,Drug Offense,Whitefield,12.9324,77.4711,Other,54,Other,33,Knife,None,Overcast,32,Forgery
02.09.2019,18:56:14,Robbery,Bellandur,12.9522,77.7851,Female,18,Other,60,Gun,Major,Overcast,40,Forgery
07.09.2019,22:32:41,Robbery,Whitefield,13.145,77.726,Female,54,Female,56,Gun,Major,Overcast,37,Assault
28.09.2019,19:30:54,Fraud,Kamakshipalya,13.1788,77.6019,Other,63,Female,52,Knife,Minor,Rain,10,Burglary
02.10.2019,23:10:06,Robbery,Whitefield,13.1394,77.68,Male,19,Male,57,None,None,Partly Cloudy,1,Vandalism
28.10.2019,21:12:36,Theft,Yelahanka,12.9146,77.5517,Other,19,Other,45,Knife,Minor,Overcast,11,Vandalism
16.11.2019,23:29:29,Forgery,Whitefield,12.9182,77.7976,Other,41,Male,29,Knife,Fatal,Snow,2,Robbery
26.11.2019,03:43:59,Robbery,Indiranagar,12.9569,77.5731,Female,42,Male,23,Gun,Fatal,Rain,35,Burglary
07.12.2019,08:02:45,Drug Offense,Electronic City,13.0741,77.5834,Male,37,Male,56,None,Minor,Overcast,29,Theft
01.01.2020,11:28:15,Vandalism,Bellandur,13.0836,77.5541,Female,49,Male,63,None,Major,Clear,15,Embezzlement
15.01.2020,16:53:47,Theft,Whitefield,13.1999,77.4145,Female,38,Other,24,Blunt Object,Major,Partly Cloudy,14,Theft
01.02.2020,20:07:16,Drug Offense,JP Nagar,13.0892,77.7104,Other,60,Male,32,None,Minor,Overcast,15,Forgery
07.02.2020,09:58:49,Vandalism,JP Nagar,12.8532,77.7764,Female,19,Female,34,Gun,None,Overcast,2,Theft
08.02.2020,01:23:47,Assault,Jayanagar,12.9633,77.6618,Other,57,Other,37,Gun,Minor,Snow,38,Fraud
02.03.2020,18:30:48,Robbery,Marathahalli,12.955,77.4324,Female,63,Female,63,None,Minor,Overcast,12,Assault
09.03.2020,19:30:19,Burglary,Banashankari,13.1304,77.4038,Female,52,Male,22,None,Minor,Snow,17,Forgery
20.03.2020,01:12:57,Fraud,Marathahalli,12.9133,77.4752,Other,19,Male,33,Knife,Major,Overcast,11,Robbery
30.03.2020,20:02:09,Robbery,Marathahalli,12.8531,77.6181,Male,56,Male,43,Knife,Minor,Overcast,13,Drug Offense
06.04.2020,21:42:39,Fraud,Koramangala,12.8347,77.4025,Other,28,Female,26,Knife,None,Snow,21,Assault
07.05.2020,10:20:24,Drug Offense,Electronic City,12.8819,77.7257,Female,47,Female,56,Gun,None,Overcast,22,Forgery
13.06.2020,04:21:43,Assault,Whitefield,13.1765,77.4961,Male,35,Male,48,Gun,Minor,Clear,30,Theft
08.08.2020,18:10:10,Embezzlement,Jayanagar,12.8039,77.7466,Other,53,Female,50,Blunt Object,Major,Overcast,30,Robbery
16.09.2020,02:20:48,Fraud,Indiranagar,13.074,77.5865,Male,64,Male,56,Blunt Object,Major,Partly Cloudy,24,None
18.10.2020,16:50:02,Forgery,Indiranagar,13.014,77.4015,Male,29,Male,31,Knife,None,Partly Cloudy,0,Vandalism
20.10.2020,17:49:19,Drug Offense,Kamakshipalya,12.9373,77.541,Male,26,Other,18,Blunt Object,Fatal,Overcast,13,Burglary
15.11.2020,13:28:08,Assault,Kamakshipalya,13.0569,77.5863,Other,59,Other,42,None,None,Snow,11,Forgery
28.11.2020,02:25:06,Assault,Banashankari,13.1844,77.783,Other,56,Female,29,None,Minor,Clear,32,Drug Offense
08.12.2020,10:46:07,Drug Offense,Electronic City,13.1749,77.4422,Female,42,Female,19,Blunt Object,Major,Snow,8,Assault
08.12.2020,21:16:01,Forgery,Koramangala,13.0683,77.6536,Other,54,Other,46,None,Minor,Overcast,20,Theft
09.12.2020,15:07:07,Fraud,Bellandur,13.0582,77.4945,Male,29,Male,60,Blunt Object,Minor,Overcast,22,Vandalism
12.12.2020,09:54:09,Forgery,Electronic City,13.0179,77.7877,Male,50,Other,57,None,Minor,Snow,26,Robbery
18.12.2020,15:14:12,Drug Offense,Bellandur,13.042,77.632,Female,31,Female,55,None,Minor,Snow,30,None
23.12.2020,00:31:10,Assault,Electronic City,13.0297,77.5066,Male,36,Female,21,Gun,None,Snow,8,Robbery
29.12.2020,06:08:35,Assault,Bellandur,13.0544,77.531,Female,53,Male,62,Blunt Object,Major,Partly Cloudy,29,Theft
04.01.2021,09:24:57,Forgery,Jayanagar,13.1675,77.5174,Other,50,Female,37,None,Minor,Snow,13,Embezzlement
23.01.2021,07:41:57,Robbery,HSR Layout,12.8912,77.6863,Male,19,Male,44,Gun,Major,Snow,22,Drug Offense
01.02.2021,03:20:26,Theft,Koramangala,12.8914,77.572,Other,65,Female,57,Knife,None,Rain,27,None
01.02.2021,23:08:44,Embezzlement,Bellandur,12.9089,77.6502,Male,43,Male,35,Knife,None,Rain,36,Fraud
26.02.2021,13:14:32,Robbery,JP Nagar,13.1261,77.7696,Female,34,Female,35,Blunt Object,Minor,Overcast,16,None
01.03.2021,13:59:25,Robbery,Yelahanka,12.8389,77.5079,Other,58,Male,27,Blunt Object,Major,Overcast,15,Robbery
15.03.2021,17:15:07,Assault,Kamakshipalya,13.1291,77.5332,Male,62,Female,45,Blunt Object,Minor,Overcast,20,Burglary
20.03.2021,21:21:47,Theft,JP Nagar,12.9583,77.7733,Female,53,Other,44,Gun,Minor,Clear,17,Theft
22.04.2021,05:42:52,Forgery,HSR Layout,12.9006,77.4492,Other,22,Other,64,Knife,Major,Rain,36,Forgery
22.04.2021,00:47:23,Theft,Kamakshipalya,13.1169,77.6196,Other,21,Male,32,None,Major,Partly Cloudy,38,Robbery
20.05.2021,07:16:07,Theft,Koramangala,12.8211,77.7675,Male,25,Female,39,Blunt Object,Major,Snow,20,Burglary
12.06.2021,23:59:34,Forgery,Bellandur,12.8681,77.7639,Female,64,Other,22,None,Major,Overcast,6,Embezzlement
13.06.2021,16:16:51,Embezzlement,Indiranagar,13.069,77.4282,Other,65,Other,21,None,None,Snow,33,Assault
21.06.2021,10:07:11,Drug Offense,Electronic City,13.0986,77.6343,Male,20,Other,46,Gun,Minor,Rain,14,Embezzlement
05.07.2021,20:33:33,Robbery,Jayanagar,12.9826,77.7132,Other,62,Female,23,None,Fatal,Rain,10,Embezzlement
05.07.2021,09:03:05,Assault,Kamakshipalya,13.192,77.7247,Female,41,Female,34,Gun,Major,Rain,19,Vandalism
10.07.2021,12:44:38,Forgery,Whitefield,12.9832,77.6525,Female,45,Other,26,Blunt Object,Minor,Overcast,16,Robbery
29.08.2021,14:39:07,Theft,JP Nagar,13.1525,77.6099,Female,49,Female,56,Blunt Object,Fatal,Overcast,1,Vandalism
11.09.2021,14:49:13,Vandalism,Whitefield,13.1037,77.5897,Other,57,Male,47,None,Fatal,Partly Cloudy,33,Assault
16.09.2021,11:41:06,Robbery,Marathahalli,13.0151,77.5323,Other,47,Male,44,None,None,Rain,35,Burglary
21.09.2021,18:52:54,Forgery,Jayanagar,13.1381,77.5337,Other,49,Female,50,Knife,Fatal,Snow,26,Theft
25.09.2021,03:25:20,Vandalism,Koramangala,12.8064,77.5193,Other,56,Other,19,Knife,None,Rain,12,Embezzlement
28.09.2021,07:18:32,Burglary,Jayanagar,12.9801,77.6919,Female,45,Male,34,None,Minor,Overcast,24,Assault
21.10.2021,03:55:26,Burglary,Whitefield,13.1437,77.6316,Other,43,Female,34,Blunt Object,None,Rain,16,Fraud
25.10.2021,02:26:59,Assault,Jayanagar,13.1769,77.469,Other,34,Female,55,Knife,None,Rain,31,Theft
26.10.2021,06:21:55,Fraud,Jayanagar,12.8065,77.5817,Other,29,Male,50,Blunt Object,Minor,Overcast,30,Drug Offense
02.11.2021,12:31:19,Theft,Marathahalli,13.0062,77.6789,Male,26,Other,22,None,Major,Rain,6,Robbery
03.11.2021,19:18:57,Forgery,Yelahanka,13.0262,77.6425,Male,22,Female,25,Blunt Object,Minor,Rain,1,Drug Offense
07.11.2021,10:40:44,Drug Offense,Marathahalli,12.9894,77.7894,Female,21,Other,38,None,None,Rain,20,Robbery
09.11.2021,19:33:27,Assault,Kamakshipalya,12.8882,77.7853,Male,48,Male,64,Gun,Minor,Clear,22,Robbery
30.11.2021,12:27:33,Burglary,JP Nagar,13.027,77.41,Other,49,Female,60,Gun,Minor,Clear,4,Assault
17.12.2021,23:14:44,Vandalism,Yelahanka,13.1052,77.7429,Other,61,Female,37,Knife,None,Rain,32,Vandalism
18.12.2021,21:29:18,Assault,Whitefield,13.1206,77.5712,Female,62,Other,18,Gun,Major,Partly Cloudy,40,Fraud
29.12.2021,12:48:23,Robbery,Electronic City,12.8975,77.7751,Female,23,Female,63,Knife,Minor,Partly Cloudy,3,Robbery
08.01.2022,23:29:18,Vandalism,HSR Layout,12.8804,77.7989,Male,57,Female,54,Blunt Object,None,Rain,7,Embezzlement
17.01.2022,02:51:03,Robbery,Bellandur,13.0463,77.5768,Other,38,Male,38,None,None,Snow,34,Forgery
03.02.2022,21:39:18,Assault,Kamakshipalya,13.0701,77.4257,Other,22,Female,50,Blunt Object,Minor,Partly Cloudy,9,Vandalism
05.02.2022,05:26:27,Assault,Banashankari,13.0967,77.4251,Other,44,Male,31,None,None,Partly Cloudy,35,Embezzlement
12.02.2022,00:29:45,Embezzlement,Jayanagar,13.1616,77.732,Female,41,Other,43,Blunt Object,Fatal,Partly Cloudy,4,None
12.02.2022,06:16:08,Assault,Bellandur,12.9461,77.5713,Female,59,Male,46,Blunt Object,Major,Clear,0,Burglary
13.02.2022,23:59:43,Drug Offense,Electronic City,13.0442,77.5721,Male,27,Other,22,Blunt Object,Major,Overcast,25,Assault
17.02.2022,05:24:44,Theft,Jayanagar,12.835,77.4751,Other,41,Other,42,Blunt Object,Fatal,Rain,16,Forgery
19.02.2022,03:47:35,Fraud,Koramangala,13.1618,77.5665,Other,31,Female,55,Knife,Major,Clear,22,Drug Offense
12.03.2022,18:06:15,Drug Offense,Kamakshipalya,12.9133,77.5893,Male,23,Other,47,Blunt Object,Fatal,Clear,38,Vandalism
12.03.2022,15:57:58,Burglary,Whitefield,13.0007,77.6325,Female,25,Female,44,Blunt Object,Major,Partly Cloudy,12,Drug Offense
12.03.2022,15:57:58,Burglary,Whitefield,13.0007,77.6325,Female,25,Female,44,Blunt Object,Major,Partly Cloudy,12,Drug Offense
12.03.2022,15:57:58,Burglary,Whitefield,13.0007,77.6325,Female,25,Female,44,Blunt Object,Major,Partly Cloudy,12,Drug Offense
12.03.2022,18:06:15,Drug Offense,Kamakshipalya,12.9133,77.5893,Male,23,Other,47,Blunt Object,Fatal,Clear,38,Vandalism
19.03.2022,07:52:57,Burglary,Koramangala,12.8762,77.6667,Female,19,Other,61,Blunt Object,Fatal,Snow,36,Robbery
01.04.2022,17:13:23,Robbery,HSR Layout,12.9318,77.6803,Other,22,Female,35,Blunt Object,Major,Snow,16,Forgery
01.04.2022,17:13:23,Robbery,HSR Layout,12.9318,77.6803,Other,22,Female,35,Blunt Object,Major,Snow,16,Forgery
03.04.2022,08:12:11,Robbery,Bellandur,12.8936,77.7214,Other,23,Other,50,Gun,Minor,Snow,38,None
04.04.2022,13:28:11,Fraud,Koramangala,12.8066,77.6143,Male,25,Male,50,None,None,Rain,38,Vandalism
04.04.2022,13:28:11,Fraud,Koramangala,12.8066,77.6143,Male,25,Male,50,None,None,Rain,38,Vandalism
07.04.2022,06:23:50,Forgery,Marathahalli,13.0534,77.5031,Other,33,Male,61,Gun,Major,Partly Cloudy,1,Embezzlement
07.04.2022,06:23:50,Forgery,Marathahalli,13.0534,77.5031,Other,33,Male,61,Gun,Major,Partly Cloudy,1,Embezzlement
07.04.2022,20:06:44,Robbery,Koramangala,13.0297,77.46,Female,21,Male,38,Gun,Major,Clear,33,Theft
07.04.2022,20:06:44,Robbery,Koramangala,13.0297,77.46,Female,21,Male,38,Gun,Major,Clear,33,Theft
11.04.2022,12:34:41,Fraud,Jayanagar,13.0851,77.5787,Other,31,Other,49,Blunt Object,Minor,Overcast,25,Assault
11.04.2022,12:34:41,Fraud,Jayanagar,13.0851,77.5787,Other,31,Other,49,Blunt Object,Minor,Overcast,25,Assault
